code;municipal;zone;section;name;census;abstentions;v_cast;v_invalid;v_valid;v_white
1;ABAIGAR;1;1;U;77.0;19;58.0;0;58;2
2;ABARZUZA;1;1;U;452.0;227;225.0;1;224;0
3;ABAURREGAINA / ABAURREA ALTA;1;1;U;155.0;43;112.0;5;107;4
4;ABAURREPEA / ABAURREA BAJA;1;1;U;44.0;14;30.0;0;30;1
5;ABERIN;1;1;U;305.0;140;165.0;2;163;2
6;ABLITAS;1;1;U;505.0;122;383.0;2;381;5
6;ABLITAS;2;1;A;737.0;150;587.0;4;583;6
6;ABLITAS;2;1;B;702.0;124;578.0;3;575;18
7;ADIOS;1;1;U;114.0;27;87.0;2;85;0
8;AGUILAR DE CODES;1;1;U;99.0;43;56.0;0;56;0
9;AIBAR / OIBAR;1;1;A;406.0;130;276.0;0;276;8
9;AIBAR / OIBAR;1;1;B;381.0;108;273.0;2;271;3
10;ALTSASU / ALSASUA;1;1;A;709.0;230;479.0;1;478;12
10;ALTSASU / ALSASUA;1;1;B;711.0;249;462.0;4;458;5
10;ALTSASU / ALSASUA;1;2;A;475.0;178;297.0;3;294;9
10;ALTSASU / ALSASUA;1;2;B;515.0;198;317.0;11;306;8
10;ALTSASU / ALSASUA;2;1;A;521.0;180;341.0;5;336;9
10;ALTSASU / ALSASUA;2;1;B;526.0;154;372.0;9;363;9
10;ALTSASU / ALSASUA;2;2;A;523.0;185;338.0;9;329;1
10;ALTSASU / ALSASUA;2;2;B;531.0;201;330.0;9;321;6
10;ALTSASU / ALSASUA;2;2;C;517.0;197;320.0;8;312;7
10;ALTSASU / ALSASUA;2;3;U;779.0;336;443.0;10;433;4
11;ALLIN;1;1;A;371.0;151;220.0;0;220;6
11;ALLIN;1;1;B;368.0;129;239.0;1;238;6
12;ALLO;1;1;A;458.0;118;340.0;7;333;6
12;ALLO;1;1;B;478.0;109;369.0;3;366;7
13;AMESCOA BAJA;1;1;A;361.0;171;190.0;4;186;6
13;AMESCOA BAJA;1;1;B;365.0;186;179.0;3;176;4
14;ANCIN;1;1;U;261.0;103;158.0;0;158;3
15;ANDOSILLA;1;1;A;423.0;117;306.0;1;305;6
15;ANDOSILLA;1;1;B;494.0;154;340.0;6;334;5
15;ANDOSILLA;2;1;A;578.0;185;393.0;5;388;9
15;ANDOSILLA;2;1;B;597.0;133;464.0;1;463;18
16;ANSOAIN;1;1;A;756.0;325;431.0;1;430;8
16;ANSOAIN;1;1;B;823.0;367;456.0;2;454;10
16;ANSOAIN;1;2;A;770.0;314;456.0;6;450;11
16;ANSOAIN;1;2;B;893.0;369;524.0;2;522;15
16;ANSOAIN;1;3;A;1.135;484;651.0;7;644;20
16;ANSOAIN;1;3;B;1.124;466;658.0;8;650;23
17;ANUE;1;1;U;374.0;145;229.0;0;229;6
18;A헲RBE;1;1;U;390.0;68;322.0;2;320;8
19;AOIZ / AGOITZ;1;1;U;631.0;117;514.0;9;505;29
19;AOIZ / AGOITZ;2;1;U;927.0;180;747.0;7;740;17
20;ARAITZ;1;1;U;552.0;187;365.0;9;356;8
21;ARANARACHE;1;1;U;89.0;31;58.0;0;58;3
22;ARANTZA;1;1;U;611.0;122;489.0;5;484;12
23;ARANGUREN;1;1;A;735.0;194;541.0;3;538;15
23;ARANGUREN;1;1;B;725.0;209;516.0;6;510;21
23;ARANGUREN;1;2;A;846.0;220;626.0;8;618;23
23;ARANGUREN;1;2;B;258.0;69;189.0;0;189;7
24;ARANO;1;1;U;142.0;63;79.0;0;79;2
25;ARAKIL;1;1;A;323.0;86;237.0;3;234;10
25;ARAKIL;1;1;B;418.0;170;248.0;1;247;3
26;ARAS;1;1;U;217.0;66;151.0;3;148;0
27;ARBIZU;1;1;U;745.0;109;636.0;3;633;5
28;ARCE / ARTZI;1;1;U;264.0;78;186.0;3;183;5
29;ARCOS (LOS);1;1;A;638.0;157;481.0;8;473;7
29;ARCOS (LOS);1;1;B;527.0;133;394.0;7;387;7
30;ARELLANO;1;1;U;182.0;66;116.0;0;116;4
31;ARESO;1;1;U;256.0;24;232.0;4;228;5
32;ARGUEDAS;1;1;A;622.0;127;495.0;0;495;11
32;ARGUEDAS;1;1;B;691.0;132;559.0;3;556;12
32;ARGUEDAS;2;1;U;573.0;120;453.0;5;448;6
33;ARIA;1;1;U;57.0;27;30.0;0;30;1
34;ARIBE;1;1;U;56.0;20;36.0;0;36;2
35;ARMA헤NZAS;1;1;U;93.0;27;66.0;2;64;1
36;ARRONIZ;1;1;A;565.0;185;380.0;4;376;8
36;ARRONIZ;1;1;B;459.0;127;332.0;7;325;10
37;ARRUAZU;1;1;U;95.0;26;69.0;0;69;0
38;ARTAJONA;1;1;A;713.0;180;533.0;8;525;16
38;ARTAJONA;1;1;B;703.0;160;543.0;3;540;22
39;ARTAZU;1;1;U;87.0;33;54.0;2;52;2
40;ATEZ;1;1;U;196.0;44;152.0;1;151;1
41;AYEGUI;1;1;U;768.0;227;541.0;0;541;18
42;AZAGRA;1;1;A;652.0;119;533.0;10;523;12
42;AZAGRA;1;1;B;762.0;122;640.0;15;625;6
42;AZAGRA;2;1;A;461.0;85;376.0;7;369;7
42;AZAGRA;2;1;B;478.0;89;389.0;8;381;13
42;AZAGRA;2;1;C;486.0;107;379.0;4;375;9
43;AZUELO;1;1;U;58.0;13;45.0;0;45;4
44;BAKAIKU;1;1;U;306.0;53;253.0;1;252;2
45;BARASOAIN;1;1;U;381.0;109;272.0;0;272;2
46;BARBARIN;1;1;U;92.0;25;67.0;2;65;3
47;BARGOTA;1;1;U;356.0;129;227.0;0;227;4
48;BARILLAS;1;1;U;173.0;31;142.0;2;140;4
49;BASABURUA;1;1;U;607.0;147;460.0;4;456;5
50;BAZTAN;1;1;A;432.0;125;307.0;3;304;2
50;BAZTAN;1;1;B;545.0;156;389.0;0;389;4
50;BAZTAN;1;1;C;397.0;114;283.0;2;281;0
50;BAZTAN;2;1;A;601.0;188;413.0;1;412;5
50;BAZTAN;2;1;B;519.0;156;363.0;2;361;6
50;BAZTAN;2;1;C;663.0;207;456.0;2;454;2
50;BAZTAN;2;2;A;498.0;156;342.0;1;341;9
50;BAZTAN;2;2;B;572.0;184;388.0;2;386;13
50;BAZTAN;2;2;C;492.0;130;362.0;1;361;4
50;BAZTAN;3;1;A;696.0;202;494.0;6;488;9
50;BAZTAN;3;1;B;595.0;167;428.0;9;419;7
50;BAZTAN;3;2;A;236.0;62;174.0;2;172;2
50;BAZTAN;3;2;B;270.0;99;171.0;1;170;3
51;BEIRE;1;1;U;277.0;89;188.0;1;187;1
52;BELASCOAIN;1;1;U;87.0;23;64.0;0;64;1
53;BERBINZANA;1;1;U;620.0;130;490.0;4;486;9
54;BERTIZARANA;1;1;U;537.0;119;418.0;9;409;18
55;BETELU;1;1;U;305.0;29;276.0;0;276;17
56;BIURRUN-OLCOZ;1;1;U;161.0;51;110.0;0;110;8
57;BU헷EL;1;1;A;512.0;91;421.0;7;414;8
57;BU헷EL;1;1;B;508.0;96;412.0;7;405;9
57;BU헷EL;2;1;A;469.0;74;395.0;3;392;8
57;BU헷EL;2;1;B;496.0;94;402.0;8;394;2
58;AURITZ / BURGUETE;1;1;U;282.0;38;244.0;2;242;9
59;BURGUI;1;1;U;209.0;80;129.0;1;128;1
60;BURLADA / BURLATA;1;1;B;694.0;317;377.0;4;373;14
60;BURLADA / BURLATA;1;1;C;555.0;233;322.0;0;322;12
60;BURLADA / BURLATA;1;1;A;609.0;282;327.0;1;326;14
60;BURLADA / BURLATA;1;2;A;562.0;257;305.0;2;303;11
60;BURLADA / BURLATA;1;2;B;596.0;249;347.0;0;347;8
60;BURLADA / BURLATA;1;3;A;508.0;235;273.0;1;272;4
60;BURLADA / BURLATA;1;3;B;526.0;261;265.0;1;264;7
60;BURLADA / BURLATA;1;4;A;610.0;263;347.0;1;346;4
60;BURLADA / BURLATA;1;4;B;644.0;298;346.0;5;341;8
60;BURLADA / BURLATA;1;5;A;717.0;298;419.0;1;418;12
60;BURLADA / BURLATA;1;5;B;734.0;333;401.0;3;398;10
60;BURLADA / BURLATA;2;1;A;611.0;282;329.0;2;327;4
60;BURLADA / BURLATA;2;1;B;638.0;306;332.0;4;328;8
60;BURLADA / BURLATA;2;2;A;539.0;243;296.0;5;291;7
60;BURLADA / BURLATA;2;2;B;547.0;261;286.0;5;281;7
60;BURLADA / BURLATA;2;3;A;456.0;204;252.0;2;250;2
60;BURLADA / BURLATA;2;3;B;444.0;185;259.0;2;257;10
60;BURLADA / BURLATA;2;4;A;680.0;304;376.0;0;376;9
60;BURLADA / BURLATA;2;4;B;650.0;264;386.0;0;386;15
60;BURLADA / BURLATA;2;5;A;672.0;261;411.0;2;409;7
60;BURLADA / BURLATA;2;5;B;702.0;264;438.0;9;429;25
60;BURLADA / BURLATA;2;6;A;443.0;217;226.0;1;225;6
60;BURLADA / BURLATA;2;6;B;460.0;193;267.0;1;266;3
61;BUSTO (EL);1;1;U;92.0;20;72.0;0;72;0
62;CABANILLAS;1;1;A;608.0;59;549.0;0;549;9
62;CABANILLAS;1;1;B;590.0;62;528.0;2;526;8
63;CABREDO;1;1;U;127.0;36;91.0;1;90;2
64;CADREITA;1;1;C;588.0;92;496.0;3;493;9
64;CADREITA;1;1;A;537.0;68;469.0;5;464;7
64;CADREITA;1;1;B;410.0;58;352.0;8;344;7
65;CAPARROSO;1;1;U;717.0;106;611.0;2;609;3
65;CAPARROSO;2;1;A;604.0;63;541.0;6;535;14
65;CAPARROSO;2;1;B;634.0;92;542.0;4;538;10
66;CARCAR;1;1;A;513.0;76;437.0;8;429;13
66;CARCAR;1;1;B;565.0;62;503.0;3;500;11
67;CARCASTILLO;1;1;A;457.0;100;357.0;8;349;14
67;CARCASTILLO;1;1;B;401.0;90;311.0;6;305;9
67;CARCASTILLO;1;1;C;311.0;39;272.0;3;269;11
67;CARCASTILLO;2;1;A;519.0;124;395.0;5;390;17
67;CARCASTILLO;2;1;B;454.0;101;353.0;9;344;7
68;CASCANTE;1;1;A;552.0;106;446.0;4;442;8
68;CASCANTE;1;1;B;593.0;141;452.0;3;449;5
68;CASCANTE;2;1;A;653.0;141;512.0;11;501;6
68;CASCANTE;2;1;B;560.0;116;444.0;10;434;9
68;CASCANTE;2;1;C;714.0;138;576.0;2;574;6
69;CASEDA;1;1;A;469.0;69;400.0;4;396;10
69;CASEDA;1;1;B;377.0;53;324.0;7;317;8
69;CASEDA;1;1;C;40.0;6;34.0;0;34;2
70;CASTEJON;1;1;A;718.0;186;532.0;11;521;13
70;CASTEJON;1;1;B;702.0;162;540.0;4;536;14
70;CASTEJON;1;2;U;820.0;212;608.0;6;602;5
70;CASTEJON;2;1;U;486.0;135;351.0;6;345;10
71;CASTILLO-NUEVO;1;1;U;27.0;5;22.0;0;22;0
72;CINTRUENIGO;1;1;A;640.0;164;476.0;4;472;14
72;CINTRUENIGO;1;1;B;584.0;151;433.0;2;431;10
72;CINTRUENIGO;2;1;C;564.0;143;421.0;3;418;6
72;CINTRUENIGO;2;1;A;541.0;127;414.0;3;411;5
72;CINTRUENIGO;2;1;B;798.0;165;633.0;5;628;12
72;CINTRUENIGO;2;2;A;784.0;193;591.0;3;588;10
72;CINTRUENIGO;2;2;B;762.0;165;597.0;3;594;8
73;ZIORDIA;1;1;U;333.0;111;222.0;1;221;5
74;CIRAUQUI;1;1;U;416.0;93;323.0;5;318;8
75;CIRIZA;1;1;U;61.0;16;45.0;0;45;1
76;CIZUR;1;1;A;592.0;107;485.0;4;481;12
76;CIZUR;1;1;B;417.0;100;317.0;0;317;11
77;CORELLA;1;1;A;761.0;143;618.0;5;613;6
77;CORELLA;1;1;B;736.0;164;572.0;10;562;6
77;CORELLA;1;2;A;565.0;104;461.0;1;460;2
77;CORELLA;1;2;B;559.0;94;465.0;3;462;3
77;CORELLA;1;2;C;720.0;146;574.0;2;572;6
77;CORELLA;2;1;A;394.0;85;309.0;0;309;1
77;CORELLA;2;1;B;405.0;107;298.0;2;296;3
77;CORELLA;2;2;A;667.0;181;486.0;4;482;0
77;CORELLA;2;2;B;677.0;149;528.0;4;524;6
78;CORTES;1;1;A;541.0;130;411.0;6;405;13
78;CORTES;1;1;B;587.0;108;479.0;12;467;15
78;CORTES;2;1;A;773.0;172;601.0;10;591;12
78;CORTES;2;1;B;805.0;156;649.0;15;634;25
79;DESOJO;1;1;U;130.0;31;99.0;0;99;1
80;DICASTILLO;1;1;U;620.0;170;450.0;2;448;13
81;DONAMARIA;1;1;U;311.0;26;285.0;2;283;8
82;ETXALAR;1;1;U;666.0;174;492.0;3;489;29
83;ECHARRI;1;1;U;47.0;15;32.0;0;32;2
84;ETXARRI-ARANATZ;1;1;A;514.0;133;381.0;2;379;5
84;ETXARRI-ARANATZ;1;1;B;395.0;100;295.0;2;293;6
84;ETXARRI-ARANATZ;1;1;C;29.0;7;22.0;0;22;0
84;ETXARRI-ARANATZ;2;1;A;480.0;132;348.0;0;348;2
84;ETXARRI-ARANATZ;2;1;B;475.0;103;372.0;10;362;4
85;ETXAURI;1;1;U;360.0;46;314.0;5;309;14
86;EGUES;1;1;A;496.0;131;365.0;0;365;4
86;EGUES;1;1;B;1.018;275;743.0;2;741;19
87;ELGORRIAGA;1;1;U;171.0;27;144.0;3;141;1
88;NOAIN (VALLE DE ELORZ) / NOAIN;1;1;A;432.0;136;296.0;2;294;15
88;NOAIN (VALLE DE ELORZ) / NOAIN;1;1;B;549.0;226;323.0;4;319;15
88;NOAIN (VALLE DE ELORZ) / NOAIN;1;1;C;501.0;215;286.0;3;283;6
88;NOAIN (VALLE DE ELORZ) / NOAIN;1;2;A;521.0;209;312.0;4;308;15
88;NOAIN (VALLE DE ELORZ) / NOAIN;1;2;B;580.0;207;373.0;8;365;11
88;NOAIN (VALLE DE ELORZ) / NOAIN;1;2;C;548.0;189;359.0;5;354;10
89;ENERIZ;1;1;U;168.0;31;137.0;4;133;2
90;ERATSUN;1;1;U;162.0;43;119.0;0;119;4
91;ERGOIEN;1;1;U;439.0;164;275.0;1;274;5
92;ERRO;1;1;A;261.0;80;181.0;1;180;5
92;ERRO;1;1;B;443.0;125;318.0;4;314;7
93;EZCAROZ;1;1;U;322.0;132;190.0;2;188;4
94;ESLAVA;1;1;U;166.0;52;114.0;0;114;5
95;ESPARZA;1;1;U;116.0;16;100.0;1;99;1
96;ESPRONCEDA;1;1;U;165.0;16;149.0;1;148;11
97;ESTELLA / LIZARRA;1;1;A;413.0;138;275.0;3;272;11
97;ESTELLA / LIZARRA;1;1;B;449.0;165;284.0;3;281;12
97;ESTELLA / LIZARRA;1;2;A;604.0;258;346.0;0;346;8
97;ESTELLA / LIZARRA;1;2;B;587.0;242;345.0;10;335;6
97;ESTELLA / LIZARRA;2;1;A;398.0;186;212.0;5;207;9
97;ESTELLA / LIZARRA;2;1;B;441.0;195;246.0;4;242;5
97;ESTELLA / LIZARRA;2;2;A;533.0;194;339.0;4;335;6
97;ESTELLA / LIZARRA;2;2;B;568.0;222;346.0;2;344;7
97;ESTELLA / LIZARRA;2;3;A;455.0;145;310.0;4;306;2
97;ESTELLA / LIZARRA;2;3;B;454.0;142;312.0;2;310;5
97;ESTELLA / LIZARRA;2;4;A;489.0;159;330.0;0;330;13
97;ESTELLA / LIZARRA;2;4;B;570.0;216;354.0;6;348;11
97;ESTELLA / LIZARRA;2;4;C;489.0;166;323.0;1;322;13
97;ESTELLA / LIZARRA;2;5;A;533.0;165;368.0;4;364;7
97;ESTELLA / LIZARRA;2;5;B;552.0;171;381.0;2;379;6
97;ESTELLA / LIZARRA;2;6;A;516.0;138;378.0;4;374;9
97;ESTELLA / LIZARRA;2;6;B;555.0;150;405.0;1;404;6
97;ESTELLA / LIZARRA;2;6;C;551.0;176;375.0;4;371;4
97;ESTELLA / LIZARRA;2;7;A;403.0;127;276.0;1;275;4
97;ESTELLA / LIZARRA;2;7;B;404.0;123;281.0;2;279;7
97;ESTELLA / LIZARRA;3;1;U;707.0;262;445.0;3;442;9
98;ESTERIBAR;1;1;A;482.0;167;315.0;16;299;9
98;ESTERIBAR;1;1;B;462.0;143;319.0;5;314;11
98;ESTERIBAR;1;1;C;342.0;121;221.0;0;221;5
99;ETAYO;1;1;U;87.0;8;79.0;0;79;3
100;EULATE;1;1;U;339.0;153;186.0;2;184;4
101;EZCABARTE;1;1;A;518.0;233;285.0;5;280;4
101;EZCABARTE;1;1;B;460.0;160;300.0;1;299;15
102;EZKURRA;1;1;U;216.0;112;104.0;0;104;1
103;EZPROGUI;1;1;U;55.0;16;39.0;0;39;3
104;FALCES;1;1;A;519.0;113;406.0;9;397;10
104;FALCES;1;1;B;517.0;118;399.0;7;392;7
104;FALCES;2;1;A;642.0;182;460.0;4;456;9
104;FALCES;2;1;B;552.0;132;420.0;4;416;6
105;FITERO;1;1;U;759.0;92;667.0;3;664;8
105;FITERO;2;1;A;516.0;65;451.0;6;445;4
105;FITERO;2;1;B;525.0;83;442.0;6;436;4
106;FONTELLAS;1;1;U;577.0;84;493.0;2;491;11
107;FUNES;1;1;A;406.0;43;363.0;3;360;4
107;FUNES;1;1;B;370.0;54;316.0;3;313;6
107;FUNES;2;1;A;500.0;74;426.0;2;424;9
107;FUNES;2;1;B;474.0;77;397.0;5;392;4
108;FUSTI헤NA;1;1;A;521.0;94;427.0;4;423;13
108;FUSTI헤NA;1;1;B;471.0;97;374.0;2;372;12
108;FUSTI헤NA;2;1;A;533.0;115;418.0;3;415;12
108;FUSTI헤NA;2;1;B;407.0;72;335.0;5;330;7
109;GALAR;1;1;A;416.0;119;297.0;5;292;6
109;GALAR;1;1;B;560.0;199;361.0;1;360;9
110;GALLIPIENZO;1;1;U;161.0;72;89.0;0;89;4
111;GALLUES;1;1;U;114.0;31;83.0;0;83;3
112;GARAIOA;1;1;U;118.0;34;84.0;0;84;0
113;GARDE;1;1;U;191.0;87;104.0;0;104;2
114;GARINOAIN;1;1;U;279.0;63;216.0;3;213;1
115;GARRALDA;1;1;U;200.0;67;133.0;0;133;3
116;GENEVILLA;1;1;U;119.0;20;99.0;0;99;5
117;GOIZUETA;1;1;A;375.0;101;274.0;5;269;9
117;GOIZUETA;1;1;B;424.0;140;284.0;7;277;4
118;GO헬;1;1;U;186.0;76;110.0;2;108;1
119;GUESA;1;1;U;76.0;25;51.0;0;51;3
120;GUESALAZ;1;1;U;428.0;147;281.0;0;281;13
121;GUIRGUILLANO;1;1;U;79.0;16;63.0;1;62;4
122;HUARTE / UHARTE;1;1;A;588.0;164;424.0;6;418;11
122;HUARTE / UHARTE;1;1;B;585.0;168;417.0;3;414;5
122;HUARTE / UHARTE;1;2;A;573.0;182;391.0;2;389;15
122;HUARTE / UHARTE;1;2;B;556.0;195;361.0;1;360;5
123;UHARTE-ARAKIL;1;1;U;624.0;309;315.0;2;313;4
124;IBARGOITI;1;1;U;215.0;51;164.0;1;163;5
125;IGUZQUIZA;1;1;U;298.0;107;191.0;0;191;5
126;IMOTZ;1;1;U;370.0;115;255.0;0;255;2
127;IRA헨TA;1;1;U;129.0;35;94.0;0;94;3
128;ISABA / IZABA;1;1;U;468.0;116;352.0;1;351;12
129;ITUREN;1;1;U;384.0;62;322.0;4;318;4
130;ITURMENDI;1;1;U;316.0;105;211.0;1;210;3
131;IZA;1;1;A;227.0;75;152.0;2;150;7
131;IZA;1;1;B;379.0;139;240.0;6;234;7
132;IZAGAONDOA;1;1;U;152.0;47;105.0;2;103;7
133;IZALZU;1;1;U;46.0;11;35.0;0;35;0
134;JAURRIETA;1;1;U;244.0;100;144.0;0;144;2
135;JAVIER;1;1;U;115.0;115;0.0;0;0;0
136;JUSLAPE헤;1;1;A;179.0;77;102.0;2;100;2
136;JUSLAPE헤;1;1;B;235.0;116;119.0;0;119;7
137;LABAIEN;1;1;U;247.0;108;139.0;1;138;2
138;LAKUNTZA;1;1;U;826.0;119;707.0;2;705;23
139;LANA;1;1;U;199.0;94;105.0;0;105;1
140;LANTZ;1;1;U;112.0;36;76.0;0;76;2
141;LAPOBLACION;1;1;U;188.0;68;120.0;1;119;5
142;LARRAGA;1;1;A;603.0;213;390.0;2;388;5
142;LARRAGA;1;1;B;418.0;146;272.0;2;270;6
142;LARRAGA;1;1;C;559.0;208;351.0;2;349;11
143;LARRAONA;1;1;U;148.0;61;87.0;0;87;4
144;LARRAUN;1;1;A;304.0;71;233.0;0;233;4
144;LARRAUN;1;1;B;394.0;150;244.0;0;244;4
144;LARRAUN;1;1;C;325.0;56;269.0;7;262;3
145;LAZAGURRIA;1;1;U;207.0;65;142.0;2;140;2
146;LEACHE;1;1;U;48.0;12;36.0;0;36;0
147;LEGARDA;1;1;U;69.0;15;54.0;0;54;3
148;LEGARIA;1;1;U;121.0;46;75.0;1;74;1
149;LEITZA;1;1;A;615.0;147;468.0;6;462;8
149;LEITZA;1;1;B;611.0;147;464.0;5;459;8
149;LEITZA;1;2;A;647.0;168;479.0;5;474;5
149;LEITZA;1;2;B;650.0;194;456.0;7;449;5
150;LEOZ;1;1;U;246.0;59;187.0;1;186;7
151;LERGA;1;1;U;92.0;25;67.0;2;65;1
152;LERIN;1;1;A;362.0;135;227.0;1;226;3
152;LERIN;1;1;B;434.0;156;278.0;5;273;9
152;LERIN;2;1;A;458.0;176;282.0;2;280;13
152;LERIN;2;1;B;420.0;161;259.0;4;255;4
153;LESAKA;1;1;A;507.0;149;358.0;2;356;7
153;LESAKA;1;1;B;492.0;143;349.0;4;345;11
153;LESAKA;2;1;A;593.0;166;427.0;8;419;13
153;LESAKA;2;1;B;743.0;227;516.0;7;509;8
154;LEZAUN;1;1;U;255.0;118;137.0;5;132;7
155;LIEDENA;1;1;U;289.0;82;207.0;2;205;3
156;LIZOAIN;1;1;U;207.0;37;170.0;1;169;4
157;LODOSA;1;1;A;587.0;183;404.0;6;398;9
157;LODOSA;1;1;B;533.0;172;361.0;5;356;9
157;LODOSA;1;2;A;687.0;166;521.0;6;515;10
157;LODOSA;1;2;B;697.0;180;517.0;2;515;8
157;LODOSA;2;1;A;612.0;198;414.0;3;411;12
157;LODOSA;2;1;B;636.0;195;441.0;3;438;6
158;LONGUIDA;1;1;U;274.0;58;216.0;1;215;11
159;LUMBIER;1;1;A;654.0;110;544.0;11;533;8
159;LUMBIER;1;1;B;579.0;124;455.0;5;450;9
160;LUQUIN;1;1;U;117.0;29;88.0;0;88;3
161;MA헨RU;1;1;U;308.0;118;190.0;0;190;3
162;MARA헲N;1;1;U;70.0;25;45.0;1;44;2
163;MARCILLA;1;1;U;838.0;218;620.0;3;617;8
163;MARCILLA;2;1;A;587.0;128;459.0;3;456;3
163;MARCILLA;2;1;B;597.0;121;476.0;3;473;7
164;MELIDA;1;1;A;412.0;78;334.0;2;332;7
164;MELIDA;1;1;B;330.0;55;275.0;8;267;3
165;MENDAVIA;1;1;B;390.0;90;300.0;6;294;4
165;MENDAVIA;1;1;A;490.0;123;367.0;5;362;18
165;MENDAVIA;1;1;C;547.0;127;420.0;8;412;9
165;MENDAVIA;2;1;A;541.0;115;426.0;1;425;19
165;MENDAVIA;2;1;B;471.0;116;355.0;6;349;12
165;MENDAVIA;2;1;C;593.0;128;465.0;5;460;17
166;MENDAZA;1;1;U;343.0;168;175.0;0;175;2
167;MENDIGORRIA;1;1;U;764.0;136;628.0;4;624;19
168;METAUTEN;1;1;U;283.0;104;179.0;3;176;3
169;MILAGRO;1;1;A;437.0;93;344.0;2;342;3
169;MILAGRO;1;1;B;351.0;351;0.0;0;0;0
169;MILAGRO;2;1;A;611.0;73;538.0;4;534;3
169;MILAGRO;2;1;B;739.0;111;628.0;0;628;8
170;MIRAFUENTES;1;1;U;51.0;11;40.0;1;39;1
171;MIRANDA DE ARGA;1;1;A;433.0;56;377.0;6;371;14
171;MIRANDA DE ARGA;1;1;B;428.0;75;353.0;5;348;7
172;MONREAL;1;1;U;250.0;72;178.0;0;178;9
173;MONTEAGUDO;1;1;A;407.0;35;372.0;2;370;3
173;MONTEAGUDO;1;1;B;592.0;51;541.0;9;532;10
174;MORENTIN;1;1;U;108.0;52;56.0;0;56;2
175;MUES;1;1;U;113.0;35;78.0;1;77;2
176;MURCHANTE;1;1;A;816.0;214;602.0;6;596;12
176;MURCHANTE;1;1;B;810.0;214;596.0;10;586;13
176;MURCHANTE;2;1;U;903.0;236;667.0;15;652;17
177;MURIETA;1;1;U;250.0;97;153.0;0;153;3
178;MURILLO EL CUENDE;1;1;A;72.0;23;49.0;0;49;0
178;MURILLO EL CUENDE;1;1;B;424.0;111;313.0;3;310;9
178;MURILLO EL CUENDE;1;1;C;67.0;9;58.0;1;57;2
179;MURILLO EL FRUTO;1;1;U;667.0;102;565.0;8;557;17
180;MURUZABAL;1;1;U;217.0;60;157.0;0;157;4
181;NAVASCUES;1;1;U;200.0;52;148.0;2;146;5
182;NAZAR;1;1;U;52.0;20;32.0;0;32;0
183;OBANOS;1;1;U;614.0;89;525.0;1;524;11
184;OCO;1;1;U;78.0;29;49.0;0;49;0
185;OCHAGAVIA;1;1;U;626.0;101;525.0;5;520;15
186;ODIETA;1;1;U;268.0;120;148.0;1;147;4
187;OITZ;1;1;U;126.0;45;81.0;2;79;1
188;OLAIBAR;1;1;U;148.0;59;89.0;1;88;4
189;OLAZTI / OLAZAGUTIA;1;1;A;425.0;124;301.0;4;297;9
189;OLAZTI / OLAZAGUTIA;1;1;B;455.0;131;324.0;4;320;16
189;OLAZTI / OLAZAGUTIA;1;1;C;521.0;170;351.0;6;345;15
190;OLEJUA;1;1;U;50.0;17;33.0;0;33;1
191;OLITE;1;1;A;791.0;185;606.0;6;600;9
191;OLITE;1;1;B;756.0;196;560.0;3;557;9
191;OLITE;2;1;A;479.0;113;366.0;2;364;8
191;OLITE;2;1;B;519.0;144;375.0;2;373;4
192;OLORIZ;1;1;U;161.0;45;116.0;1;115;2
193;OLZA;1;1;A;270.0;60;210.0;7;203;14
193;OLZA;1;1;B;447.0;119;328.0;3;325;8
193;OLZA;1;1;C;376.0;88;288.0;3;285;11
194;OLLO;1;1;U;352.0;102;250.0;1;249;12
195;ORBAITZETA;1;1;U;211.0;73;138.0;1;137;4
196;ORBARA;1;1;U;56.0;11;45.0;0;45;2
197;ORISOAIN;1;1;U;87.0;37;50.0;0;50;2
198;ORONZ;1;1;U;47.0;15;32.0;0;32;1
199;OROZ-BETELU;1;1;U;213.0;78;135.0;5;130;3
200;OTEIZA;1;1;U;797.0;193;604.0;11;593;22
201;PAMPLONA / IRU헤;1;1;U;769.0;304;465.0;5;460;4
201;PAMPLONA / IRU헤;1;2;U;579.0;199;380.0;1;379;6
201;PAMPLONA / IRU헤;1;3;U;727.0;286;441.0;1;440;7
201;PAMPLONA / IRU헤;1;4;A;401.0;137;264.0;1;263;10
201;PAMPLONA / IRU헤;1;4;B;385.0;138;247.0;4;243;5
201;PAMPLONA / IRU헤;1;5;B;478.0;189;289.0;7;282;5
201;PAMPLONA / IRU헤;1;5;A;454.0;170;284.0;3;281;4
201;PAMPLONA / IRU헤;1;6;U;666.0;239;427.0;2;425;9
201;PAMPLONA / IRU헤;1;7;U;639.0;248;391.0;0;391;4
201;PAMPLONA / IRU헤;1;8;U;751.0;315;436.0;4;432;9
201;PAMPLONA / IRU헤;1;9;A;463.0;151;312.0;2;310;8
201;PAMPLONA / IRU헤;1;9;B;387.0;138;249.0;1;248;0
201;PAMPLONA / IRU헤;1;10;A;412.0;130;282.0;2;280;6
201;PAMPLONA / IRU헤;1;10;B;458.0;154;304.0;1;303;6
201;PAMPLONA / IRU헤;1;11;A;398.0;181;217.0;2;215;2
201;PAMPLONA / IRU헤;1;11;B;393.0;167;226.0;1;225;3
201;PAMPLONA / IRU헤;1;12;U;696.0;335;361.0;2;359;3
201;PAMPLONA / IRU헤;1;13;A;471.0;172;299.0;1;298;1
201;PAMPLONA / IRU헤;1;13;B;515.0;214;301.0;1;300;2
201;PAMPLONA / IRU헤;2;1;A;563.0;204;359.0;3;356;8
201;PAMPLONA / IRU헤;2;1;B;549.0;194;355.0;2;353;11
201;PAMPLONA / IRU헤;2;2;A;460.0;130;330.0;0;330;8
201;PAMPLONA / IRU헤;2;2;B;436.0;136;300.0;1;299;3
201;PAMPLONA / IRU헤;2;3;B;542.0;174;368.0;1;367;5
201;PAMPLONA / IRU헤;2;3;A;343.0;84;259.0;0;259;3
201;PAMPLONA / IRU헤;2;4;A;640.0;198;442.0;3;439;10
201;PAMPLONA / IRU헤;2;4;B;577.0;182;395.0;0;395;6
201;PAMPLONA / IRU헤;2;4;C;581.0;204;377.0;0;377;8
201;PAMPLONA / IRU헤;2;5;B;588.0;163;425.0;5;420;8
201;PAMPLONA / IRU헤;2;5;C;516.0;141;375.0;2;373;11
201;PAMPLONA / IRU헤;2;5;A;460.0;120;340.0;0;340;12
201;PAMPLONA / IRU헤;2;6;B;580.0;190;390.0;1;389;7
201;PAMPLONA / IRU헤;2;6;A;619.0;207;412.0;0;412;12
201;PAMPLONA / IRU헤;2;7;A;461.0;140;321.0;1;320;10
201;PAMPLONA / IRU헤;2;7;B;504.0;161;343.0;1;342;8
201;PAMPLONA / IRU헤;2;8;A;566.0;183;383.0;5;378;8
201;PAMPLONA / IRU헤;2;8;B;568.0;174;394.0;4;390;6
201;PAMPLONA / IRU헤;2;9;A;585.0;207;378.0;3;375;10
201;PAMPLONA / IRU헤;2;9;B;539.0;215;324.0;2;322;3
201;PAMPLONA / IRU헤;2;10;A;589.0;208;381.0;1;380;14
201;PAMPLONA / IRU헤;2;10;B;589.0;189;400.0;3;397;14
201;PAMPLONA / IRU헤;2;11;A;623.0;210;413.0;2;411;12
201;PAMPLONA / IRU헤;2;11;B;612.0;195;417.0;1;416;11
201;PAMPLONA / IRU헤;2;12;A;678.0;222;456.0;1;455;5
201;PAMPLONA / IRU헤;2;12;B;651.0;204;447.0;2;445;16
201;PAMPLONA / IRU헤;2;13;A;426.0;142;284.0;3;281;8
201;PAMPLONA / IRU헤;2;13;B;397.0;119;278.0;1;277;8
201;PAMPLONA / IRU헤;2;14;A;656.0;187;469.0;2;467;6
201;PAMPLONA / IRU헤;2;14;B;592.0;179;413.0;3;410;14
201;PAMPLONA / IRU헤;2;15;A;429.0;128;301.0;1;300;5
201;PAMPLONA / IRU헤;2;15;B;462.0;153;309.0;1;308;10
201;PAMPLONA / IRU헤;2;16;A;429.0;166;263.0;0;263;11
201;PAMPLONA / IRU헤;2;16;B;414.0;149;265.0;0;265;12
201;PAMPLONA / IRU헤;2;17;A;448.0;164;284.0;0;284;3
201;PAMPLONA / IRU헤;2;17;B;379.0;124;255.0;4;251;4
201;PAMPLONA / IRU헤;3;1;A;431.0;157;274.0;0;274;4
201;PAMPLONA / IRU헤;3;1;B;445.0;168;277.0;0;277;5
201;PAMPLONA / IRU헤;3;2;B;467.0;142;325.0;2;323;8
201;PAMPLONA / IRU헤;3;2;A;450.0;160;290.0;1;289;10
201;PAMPLONA / IRU헤;3;3;A;527.0;165;362.0;1;361;6
201;PAMPLONA / IRU헤;3;3;B;642.0;213;429.0;1;428;7
201;PAMPLONA / IRU헤;3;3;C;609.0;206;403.0;3;400;6
201;PAMPLONA / IRU헤;3;4;A;410.0;161;249.0;2;247;3
201;PAMPLONA / IRU헤;3;4;B;383.0;158;225.0;0;225;2
201;PAMPLONA / IRU헤;3;5;A;517.0;204;313.0;1;312;9
201;PAMPLONA / IRU헤;3;6;A;517.0;165;352.0;2;350;13
201;PAMPLONA / IRU헤;3;6;B;552.0;163;389.0;2;387;7
201;PAMPLONA / IRU헤;3;6;C;531.0;177;354.0;2;352;5
201;PAMPLONA / IRU헤;3;7;A;602.0;151;451.0;1;450;16
201;PAMPLONA / IRU헤;3;7;B;608.0;169;439.0;2;437;12
201;PAMPLONA / IRU헤;3;8;A;430.0;189;241.0;0;241;4
201;PAMPLONA / IRU헤;3;8;B;506.0;189;317.0;0;317;4
201;PAMPLONA / IRU헤;3;8;C;432.0;169;263.0;0;263;0
201;PAMPLONA / IRU헤;3;9;A;605.0;240;365.0;2;363;5
201;PAMPLONA / IRU헤;3;9;B;552.0;218;334.0;1;333;11
201;PAMPLONA / IRU헤;3;10;A;579.0;210;369.0;2;367;6
201;PAMPLONA / IRU헤;3;10;B;618.0;237;381.0;5;376;10
201;PAMPLONA / IRU헤;3;11;A;620.0;166;454.0;0;454;18
201;PAMPLONA / IRU헤;3;11;B;555.0;142;413.0;3;410;21
201;PAMPLONA / IRU헤;3;12;A;523.0;187;336.0;4;332;5
201;PAMPLONA / IRU헤;3;12;B;539.0;187;352.0;2;350;11
201;PAMPLONA / IRU헤;3;13;A;581.0;241;340.0;3;337;9
201;PAMPLONA / IRU헤;3;13;B;588.0;226;362.0;1;361;7
201;PAMPLONA / IRU헤;3;14;C;549.0;189;360.0;2;358;13
201;PAMPLONA / IRU헤;3;14;A;550.0;182;368.0;0;368;7
201;PAMPLONA / IRU헤;3;14;B;491.0;193;298.0;3;295;4
201;PAMPLONA / IRU헤;3;15;A;522.0;158;364.0;2;362;7
201;PAMPLONA / IRU헤;3;15;B;598.0;208;390.0;2;388;2
201;PAMPLONA / IRU헤;3;15;C;564.0;205;359.0;2;357;11
201;PAMPLONA / IRU헤;3;16;A;514.0;167;347.0;4;343;13
201;PAMPLONA / IRU헤;3;16;B;532.0;185;347.0;2;345;8
201;PAMPLONA / IRU헤;3;17;A;582.0;188;394.0;0;394;9
201;PAMPLONA / IRU헤;3;17;B;564.0;157;407.0;2;405;12
201;PAMPLONA / IRU헤;3;18;A;513.0;171;342.0;1;341;6
201;PAMPLONA / IRU헤;3;18;B;578.0;198;380.0;4;376;12
201;PAMPLONA / IRU헤;3;19;A;532.0;179;353.0;1;352;3
201;PAMPLONA / IRU헤;3;19;B;648.0;224;424.0;4;420;8
201;PAMPLONA / IRU헤;3;19;C;640.0;217;423.0;7;416;7
201;PAMPLONA / IRU헤;3;20;A;766.0;265;501.0;0;501;14
201;PAMPLONA / IRU헤;3;20;B;693.0;246;447.0;0;447;11
201;PAMPLONA / IRU헤;3;21;A;610.0;176;434.0;3;431;8
201;PAMPLONA / IRU헤;3;21;B;719.0;235;484.0;4;480;16
201;PAMPLONA / IRU헤;3;22;A;400.0;150;250.0;0;250;9
201;PAMPLONA / IRU헤;3;22;B;371.0;117;254.0;1;253;7
201;PAMPLONA / IRU헤;3;23;B;713.0;220;493.0;4;489;9
201;PAMPLONA / IRU헤;3;23;A;740.0;244;496.0;1;495;12
201;PAMPLONA / IRU헤;3;24;A;677.0;226;451.0;3;448;8
201;PAMPLONA / IRU헤;3;24;B;687.0;237;450.0;5;445;11
201;PAMPLONA / IRU헤;3;25;A;816.0;305;511.0;7;504;15
201;PAMPLONA / IRU헤;3;25;B;812.0;302;510.0;0;510;12
201;PAMPLONA / IRU헤;3;26;A;662.0;303;359.0;1;358;11
201;PAMPLONA / IRU헤;3;26;B;625.0;297;328.0;1;327;7
201;PAMPLONA / IRU헤;3;27;A;466.0;177;289.0;1;288;12
201;PAMPLONA / IRU헤;3;27;B;477.0;201;276.0;1;275;10
201;PAMPLONA / IRU헤;4;1;B;661.0;292;369.0;0;369;5
201;PAMPLONA / IRU헤;4;1;A;717.0;287;430.0;2;428;14
201;PAMPLONA / IRU헤;4;2;A;483.0;168;315.0;1;314;12
201;PAMPLONA / IRU헤;4;2;B;620.0;209;411.0;4;407;7
201;PAMPLONA / IRU헤;4;2;C;500.0;188;312.0;1;311;9
201;PAMPLONA / IRU헤;4;3;A;674.0;255;419.0;3;416;8
201;PAMPLONA / IRU헤;4;3;B;652.0;241;411.0;1;410;15
201;PAMPLONA / IRU헤;4;4;A;529.0;165;364.0;0;364;15
201;PAMPLONA / IRU헤;4;4;B;585.0;164;421.0;2;419;16
201;PAMPLONA / IRU헤;4;5;A;573.0;167;406.0;1;405;9
201;PAMPLONA / IRU헤;4;5;B;634.0;202;432.0;4;428;10
201;PAMPLONA / IRU헤;4;6;A;474.0;122;352.0;0;352;10
201;PAMPLONA / IRU헤;4;6;B;417.0;141;276.0;2;274;4
201;PAMPLONA / IRU헤;4;7;A;604.0;200;404.0;2;402;9
201;PAMPLONA / IRU헤;4;7;B;655.0;204;451.0;2;449;19
201;PAMPLONA / IRU헤;4;8;A;738.0;200;538.0;2;536;15
201;PAMPLONA / IRU헤;4;8;B;705.0;206;499.0;0;499;20
201;PAMPLONA / IRU헤;4;9;A;561.0;219;342.0;0;342;8
201;PAMPLONA / IRU헤;4;9;B;411.0;127;284.0;0;284;9
201;PAMPLONA / IRU헤;4;10;A;716.0;215;501.0;3;498;18
201;PAMPLONA / IRU헤;4;10;B;774.0;263;511.0;4;507;15
201;PAMPLONA / IRU헤;4;11;A;641.0;269;372.0;2;370;7
201;PAMPLONA / IRU헤;4;11;B;671.0;251;420.0;4;416;10
201;PAMPLONA / IRU헤;4;12;A;514.0;266;248.0;2;246;5
201;PAMPLONA / IRU헤;4;12;B;576.0;300;276.0;3;273;8
201;PAMPLONA / IRU헤;4;13;A;650.0;296;354.0;1;353;3
201;PAMPLONA / IRU헤;4;13;B;669.0;328;341.0;1;340;1
201;PAMPLONA / IRU헤;4;14;A;594.0;170;424.0;2;422;12
201;PAMPLONA / IRU헤;4;14;B;674.0;200;474.0;3;471;19
201;PAMPLONA / IRU헤;4;15;U;698.0;237;461.0;1;460;8
201;PAMPLONA / IRU헤;4;16;A;394.0;117;277.0;3;274;5
201;PAMPLONA / IRU헤;4;16;B;465.0;138;327.0;2;325;12
201;PAMPLONA / IRU헤;4;17;C;537.0;173;364.0;3;361;14
201;PAMPLONA / IRU헤;4;17;A;588.0;182;406.0;1;405;15
201;PAMPLONA / IRU헤;4;17;B;570.0;183;387.0;2;385;12
201;PAMPLONA / IRU헤;4;18;A;574.0;194;380.0;1;379;8
201;PAMPLONA / IRU헤;4;18;B;621.0;197;424.0;0;424;11
201;PAMPLONA / IRU헤;4;18;C;529.0;175;354.0;2;352;7
201;PAMPLONA / IRU헤;4;19;A;514.0;136;378.0;0;378;8
201;PAMPLONA / IRU헤;4;19;B;509.0;157;352.0;1;351;10
201;PAMPLONA / IRU헤;4;20;A;424.0;136;288.0;2;286;10
201;PAMPLONA / IRU헤;4;20;B;437.0;123;314.0;3;311;8
201;PAMPLONA / IRU헤;4;21;A;514.0;180;334.0;1;333;6
201;PAMPLONA / IRU헤;4;21;B;544.0;190;354.0;1;353;11
201;PAMPLONA / IRU헤;4;21;C;495.0;167;328.0;2;326;8
201;PAMPLONA / IRU헤;4;22;A;478.0;165;313.0;2;311;6
201;PAMPLONA / IRU헤;4;22;B;432.0;137;295.0;3;292;13
201;PAMPLONA / IRU헤;4;23;U;541.0;156;385.0;0;385;16
201;PAMPLONA / IRU헤;4;24;A;763.0;233;530.0;7;523;13
201;PAMPLONA / IRU헤;4;24;B;744.0;208;536.0;3;533;13
201;PAMPLONA / IRU헤;4;25;A;508.0;175;333.0;0;333;13
201;PAMPLONA / IRU헤;4;25;B;577.0;218;359.0;3;356;10
201;PAMPLONA / IRU헤;4;25;C;504.0;205;299.0;1;298;8
201;PAMPLONA / IRU헤;4;26;A;560.0;259;301.0;3;298;4
201;PAMPLONA / IRU헤;4;26;B;561.0;246;315.0;3;312;3
201;PAMPLONA / IRU헤;5;1;A;488.0;190;298.0;0;298;1
201;PAMPLONA / IRU헤;5;1;B;478.0;192;286.0;2;284;3
201;PAMPLONA / IRU헤;5;2;A;503.0;186;317.0;1;316;2
201;PAMPLONA / IRU헤;5;2;B;486.0;187;299.0;0;299;4
201;PAMPLONA / IRU헤;5;3;U;677.0;264;413.0;5;408;8
201;PAMPLONA / IRU헤;5;4;A;532.0;190;342.0;3;339;9
201;PAMPLONA / IRU헤;5;4;B;512.0;202;310.0;2;308;9
201;PAMPLONA / IRU헤;5;5;A;546.0;254;292.0;0;292;5
201;PAMPLONA / IRU헤;5;5;B;509.0;196;313.0;4;309;3
201;PAMPLONA / IRU헤;5;6;A;609.0;253;356.0;4;352;10
201;PAMPLONA / IRU헤;5;6;B;572.0;217;355.0;8;347;9
201;PAMPLONA / IRU헤;5;7;A;609.0;269;340.0;1;339;2
201;PAMPLONA / IRU헤;5;7;B;639.0;290;349.0;1;348;8
201;PAMPLONA / IRU헤;5;8;A;441.0;159;282.0;3;279;4
201;PAMPLONA / IRU헤;5;8;B;453.0;174;279.0;1;278;3
201;PAMPLONA / IRU헤;5;9;A;717.0;223;494.0;4;490;9
201;PAMPLONA / IRU헤;5;9;B;684.0;264;420.0;2;418;12
201;PAMPLONA / IRU헤;5;10;A;614.0;204;410.0;3;407;9
201;PAMPLONA / IRU헤;5;10;B;639.0;228;411.0;1;410;13
201;PAMPLONA / IRU헤;5;11;A;636.0;271;365.0;0;365;6
201;PAMPLONA / IRU헤;5;11;B;562.0;227;335.0;3;332;12
201;PAMPLONA / IRU헤;5;12;A;454.0;194;260.0;4;256;5
201;PAMPLONA / IRU헤;5;12;B;429.0;177;252.0;1;251;4
201;PAMPLONA / IRU헤;6;1;A;537.0;255;282.0;1;281;8
201;PAMPLONA / IRU헤;6;1;B;586.0;259;327.0;4;323;12
201;PAMPLONA / IRU헤;6;2;A;610.0;298;312.0;4;308;6
201;PAMPLONA / IRU헤;6;2;B;669.0;336;333.0;1;332;11
201;PAMPLONA / IRU헤;6;2;C;512.0;253;259.0;8;251;4
201;PAMPLONA / IRU헤;6;3;A;575.0;219;356.0;1;355;5
201;PAMPLONA / IRU헤;6;3;B;537.0;231;306.0;2;304;3
201;PAMPLONA / IRU헤;6;4;A;478.0;188;290.0;2;288;3
201;PAMPLONA / IRU헤;6;4;B;513.0;226;287.0;3;284;2
201;PAMPLONA / IRU헤;6;5;A;639.0;267;372.0;1;371;7
201;PAMPLONA / IRU헤;6;5;B;682.0;304;378.0;2;376;10
201;PAMPLONA / IRU헤;6;6;A;401.0;168;233.0;0;233;3
201;PAMPLONA / IRU헤;6;6;B;387.0;176;211.0;0;211;2
201;PAMPLONA / IRU헤;6;7;A;482.0;174;308.0;3;305;4
201;PAMPLONA / IRU헤;6;7;B;547.0;210;337.0;2;335;2
201;PAMPLONA / IRU헤;6;7;C;542.0;219;323.0;2;321;8
201;PAMPLONA / IRU헤;6;9;A;456.0;158;298.0;2;296;4
201;PAMPLONA / IRU헤;6;9;B;459.0;163;296.0;4;292;4
201;PAMPLONA / IRU헤;6;10;A;696.0;275;421.0;1;420;7
201;PAMPLONA / IRU헤;6;10;B;617.0;216;401.0;0;401;5
201;PAMPLONA / IRU헤;6;11;A;434.0;182;252.0;0;252;1
201;PAMPLONA / IRU헤;6;11;B;427.0;165;262.0;1;261;7
201;PAMPLONA / IRU헤;6;12;A;728.0;289;439.0;1;438;16
201;PAMPLONA / IRU헤;6;12;B;775.0;301;474.0;3;471;17
201;PAMPLONA / IRU헤;6;13;A;617.0;272;345.0;3;342;6
201;PAMPLONA / IRU헤;6;13;B;615.0;268;347.0;0;347;6
201;PAMPLONA / IRU헤;6;14;A;478.0;165;313.0;6;307;7
201;PAMPLONA / IRU헤;6;14;B;512.0;194;318.0;3;315;8
201;PAMPLONA / IRU헤;6;15;A;746.0;292;454.0;1;453;11
201;PAMPLONA / IRU헤;6;15;B;728.0;283;445.0;4;441;21
201;PAMPLONA / IRU헤;7;1;A;634.0;283;351.0;7;344;4
201;PAMPLONA / IRU헤;7;1;B;674.0;295;379.0;3;376;5
201;PAMPLONA / IRU헤;7;2;A;650.0;324;326.0;2;324;6
201;PAMPLONA / IRU헤;7;2;B;565.0;259;306.0;5;301;4
201;PAMPLONA / IRU헤;7;3;A;768.0;337;431.0;8;423;5
201;PAMPLONA / IRU헤;7;3;B;760.0;333;427.0;1;426;10
201;PAMPLONA / IRU헤;7;4;A;587.0;290;297.0;2;295;8
201;PAMPLONA / IRU헤;7;4;B;617.0;299;318.0;0;318;5
201;PAMPLONA / IRU헤;7;5;A;452.0;185;267.0;1;266;6
201;PAMPLONA / IRU헤;7;5;B;509.0;219;290.0;2;288;7
201;PAMPLONA / IRU헤;7;6;A;639.0;282;357.0;8;349;5
201;PAMPLONA / IRU헤;7;6;B;703.0;324;379.0;3;376;5
201;PAMPLONA / IRU헤;7;7;B;645.0;311;334.0;4;330;4
201;PAMPLONA / IRU헤;7;7;C;546.0;268;278.0;3;275;4
201;PAMPLONA / IRU헤;7;7;A;563.0;289;274.0;5;269;6
201;PAMPLONA / IRU헤;7;8;B;645.0;285;360.0;1;359;4
201;PAMPLONA / IRU헤;7;8;A;661.0;326;335.0;5;330;4
201;PAMPLONA / IRU헤;7;9;A;581.0;341;240.0;1;239;2
201;PAMPLONA / IRU헤;7;9;B;585.0;335;250.0;0;250;5
201;PAMPLONA / IRU헤;7;10;A;396.0;197;199.0;2;197;5
201;PAMPLONA / IRU헤;7;10;B;435.0;229;206.0;3;203;2
201;PAMPLONA / IRU헤;7;11;C;539.0;237;302.0;4;298;11
201;PAMPLONA / IRU헤;7;11;A;486.0;230;256.0;0;256;8
201;PAMPLONA / IRU헤;7;11;B;632.0;293;339.0;4;335;11
201;PAMPLONA / IRU헤;7;12;A;545.0;211;334.0;5;329;10
201;PAMPLONA / IRU헤;7;12;B;626.0;274;352.0;1;351;13
201;PAMPLONA / IRU헤;7;13;A;539.0;230;309.0;0;309;6
201;PAMPLONA / IRU헤;7;13;B;558.0;242;316.0;2;314;7
201;PAMPLONA / IRU헤;7;14;A;755.0;341;414.0;4;410;8
201;PAMPLONA / IRU헤;7;14;B;752.0;348;404.0;2;402;4
201;PAMPLONA / IRU헤;7;15;A;548.0;214;334.0;4;330;4
201;PAMPLONA / IRU헤;7;15;B;566.0;208;358.0;2;356;9
201;PAMPLONA / IRU헤;7;16;A;507.0;223;284.0;2;282;10
201;PAMPLONA / IRU헤;7;16;B;519.0;220;299.0;1;298;2
201;PAMPLONA / IRU헤;7;17;U;747.0;318;429.0;5;424;18
201;PAMPLONA / IRU헤;7;18;A;629.0;264;365.0;1;364;8
201;PAMPLONA / IRU헤;7;18;B;636.0;283;353.0;3;350;11
201;PAMPLONA / IRU헤;7;19;A;582.0;239;343.0;2;341;2
201;PAMPLONA / IRU헤;7;19;B;677.0;310;367.0;2;365;4
201;PAMPLONA / IRU헤;8;1;A;494.0;215;279.0;2;277;10
201;PAMPLONA / IRU헤;8;1;B;557.0;227;330.0;3;327;4
201;PAMPLONA / IRU헤;8;2;A;522.0;199;323.0;0;323;11
201;PAMPLONA / IRU헤;8;2;B;608.0;201;407.0;2;405;18
201;PAMPLONA / IRU헤;8;2;C;551.0;232;319.0;4;315;3
201;PAMPLONA / IRU梨;8;3;A;547.0;216;331.0;2;329;10
201;PAMPLONA / IRU헤;8;3;B;585.0;222;363.0;0;363;3
201;PAMPLONA / IRU헤;8;3;C;558.0;219;339.0;1;338;12
201;PAMPLONA / IRU헤;8;4;A;514.0;202;312.0;2;310;4
201;PAMPLONA / IRU헤;8;4;B;485.0;176;309.0;1;308;8
201;PAMPLONA / IRU헤;8;5;A;429.0;164;265.0;1;264;6
201;PAMPLONA / IRU헤;8;5;B;462.0;201;261.0;2;259;5
202;PERALTA;1;1;A;513.0;136;377.0;3;374;6
202;PERALTA;1;1;B;540.0;133;407.0;8;399;7
202;PERALTA;1;2;A;754.0;167;587.0;6;581;13
202;PERALTA;1;2;B;599.0;141;458.0;0;458;13
202;PERALTA;2;1;A;730.0;162;568.0;3;565;18
202;PERALTA;2;1;B;720.0;164;556.0;4;552;21
203;PETILLA DE ARAGON;1;1;U;44.0;18;26.0;0;26;1
204;PIEDRAMILLERA;1;1;U;71.0;17;54.0;0;54;1
205;PITILLAS;1;1;U;511.0;123;388.0;3;385;11
206;PUENTE LA REINA / GARES;1;1;A;621.0;125;496.0;3;493;8
206;PUENTE LA REINA / GARES;1;1;B;677.0;139;538.0;4;534;14
206;PUENTE LA REINA / GARES;1;1;C;567.0;110;457.0;2;455;12
207;PUEYO;1;1;U;292.0;82;210.0;1;209;8
208;RIBAFORADA;1;1;A;360.0;73;287.0;2;285;2
208;RIBAFORADA;1;1;B;477.0;74;403.0;9;394;5
208;RIBAFORADA;2;1;A;563.0;115;448.0;6;442;6
208;RIBAFORADA;2;1;B;594.0;99;495.0;9;486;6
208;RIBAFORADA;2;1;C;587.0;83;504.0;7;497;5
209;ROMANZADO;1;1;U;144.0;46;98.0;0;98;0
210;RONCAL;1;1;U;311.0;49;262.0;1;261;18
211;ORREAGA / RONCESVALLES;1;1;U;27.0;4;23.0;0;23;0
212;SADA;1;1;U;226.0;98;128.0;1;127;1
213;SALDIAS;1;1;U;124.0;29;95.0;1;94;3
214;SALINAS DE ORO;1;1;U;94.0;33;61.0;1;60;1
215;SAN ADRIAN;1;1;A;595.0;175;420.0;5;415;14
215;SAN ADRIAN;1;1;B;525.0;127;398.0;0;398;13
215;SAN ADRIAN;1;2;A;639.0;175;464.0;0;464;8
215;SAN ADRIAN;1;2;B;574.0;574;0.0;0;0;0
215;SAN ADRIAN;2;1;A;661.0;192;469.0;1;468;15
215;SAN ADRIAN;2;1;B;651.0;166;485.0;1;484;11
215;SAN ADRIAN;2;2;U;746.0;185;561.0;8;553;9
216;SANG㏊SA / ZANGOZA;1;1;A;694.0;214;480.0;0;480;8
216;SANG㏊SA / ZANGOZA;1;1;B;748.0;204;544.0;4;540;17
216;SANG㏊SA / ZANGOZA;2;1;A;430.0;100;330.0;2;328;6
216;SANG㏊SA / ZANGOZA;2;1;B;439.0;104;335.0;1;334;4
216;SANG㏊SA / ZANGOZA;2;2;A;768.0;220;548.0;3;545;13
216;SANG㏊SA / ZANGOZA;2;2;B;796.0;257;539.0;2;537;9
217;SAN MARTIN DE UNX;1;1;U;460.0;153;307.0;4;303;10
219;SANSOL;1;1;U;118.0;38;80.0;0;80;2
220;SANTACARA;1;1;A;429.0;125;304.0;7;297;16
220;SANTACARA;1;1;B;464.0;133;331.0;7;324;7
221;DONEZTEBE / SANTESTEBAN;1;1;A;514.0;85;429.0;3;426;4
221;DONEZTEBE / SANTESTEBAN;1;1;B;521.0;115;406.0;6;400;7
222;SARRIES;1;1;U;74.0;24;50.0;0;50;2
223;SARTAGUDA;1;1;A;459.0;96;363.0;4;359;9
223;SARTAGUDA;1;1;B;725.0;138;587.0;1;586;20
224;SESMA;1;1;A;631.0;134;497.0;4;493;5
224;SESMA;1;1;B;587.0;127;460.0;2;458;14
225;SORLADA;1;1;U;47.0;15;32.0;0;32;1
226;SUNBILLA;1;1;U;572.0;144;428.0;11;417;7
227;TAFALLA;1;1;A;407.0;89;318.0;3;315;7
227;TAFALLA;1;1;B;409.0;102;307.0;1;306;4
227;TAFALLA;1;2;A;647.0;174;473.0;3;470;6
227;TAFALLA;1;2;B;768.0;175;593.0;7;586;13
227;TAFALLA;1;3;A;502.0;136;366.0;2;364;6
227;TAFALLA;1;3;B;599.0;168;431.0;5;426;6
227;TAFALLA;1;3;C;563.0;170;393.0;2;391;16
227;TAFALLA;2;1;A;628.0;203;425.0;1;424;16
227;TAFALLA;2;1;B;700.0;195;505.0;2;503;8
227;TAFALLA;2;1;C;601.0;147;454.0;2;452;9
227;TAFALLA;2;2;A;728.0;213;515.0;1;514;12
227;TAFALLA;2;2;B;725.0;226;499.0;3;496;12
227;TAFALLA;2;3;A;642.0;239;403.0;5;398;7
227;TAFALLA;2;3;B;605.0;217;388.0;2;386;4
228;TIEBAS-MURUARTE DE RETA;1;1;U;496.0;182;314.0;7;307;16
229;TIRAPU;1;1;U;60.0;13;47.0;0;47;1
230;TORRALBA DEL RIO;1;1;U;147.0;28;119.0;2;117;4
231;TORRES DEL RIO;1;1;U;179.0;54;125.0;2;123;4
232;TUDELA;1;1;A;591.0;229;362.0;4;358;8
232;TUDELA;1;1;B;508.0;173;335.0;2;333;13
232;TUDELA;1;2;A;510.0;168;342.0;9;333;18
232;TUDELA;1;2;B;483.0;131;352.0;6;346;14
232;TUDELA;1;3;U;504.0;169;335.0;4;331;5
232;TUDELA;2;1;A;861.0;295;566.0;14;552;15
232;TUDELA;2;1;B;959.0;341;618.0;11;607;15
232;TUDELA;2;2;A;553.0;176;377.0;2;375;9
232;TUDELA;2;2;B;552.0;189;363.0;1;362;8
232;TUDELA;2;3;A;525.0;167;358.0;5;353;15
232;TUDELA;2;3;B;627.0;192;435.0;9;426;17
232;TUDELA;2;4;U;924.0;311;613.0;1;612;23
232;TUDELA;2;5;U;647.0;202;445.0;3;442;9
232;TUDELA;3;1;A;711.0;248;463.0;6;457;7
232;TUDELA;3;1;B;729.0;226;503.0;6;497;10
232;TUDELA;3;2;A;827.0;253;574.0;9;565;24
232;TUDELA;3;2;B;710.0;203;507.0;8;499;19
232;TUDELA;3;3;A;610.0;187;423.0;6;417;21
232;TUDELA;3;3;B;687.0;243;444.0;7;437;9
232;TUDELA;3;4;A;562.0;203;359.0;3;356;5
232;TUDELA;3;4;B;697.0;217;480.0;4;476;10
232;TUDELA;3;4;C;566.0;183;383.0;1;382;11
232;TUDELA;3;5;A;610.0;237;373.0;4;369;7
232;TUDELA;3;5;B;716.0;229;487.0;4;483;23
232;TUDELA;3;6;U;832.0;283;549.0;13;536;15
232;TUDELA;4;1;U;785.0;244;541.0;1;540;11
232;TUDELA;4;2;B;576.0;179;397.0;6;391;12
232;TUDELA;4;2;C;512.0;147;365.0;2;363;5
232;TUDELA;4;2;A;520.0;177;343.0;5;338;2
232;TUDELA;4;3;A;483.0;155;328.0;4;324;8
232;TUDELA;4;3;B;573.0;180;393.0;3;390;8
232;TUDELA;4;3;C;542.0;147;395.0;8;387;11
232;TUDELA;4;4;A;617.0;216;401.0;2;399;16
232;TUDELA;4;4;B;682.0;239;443.0;10;433;12
232;TUDELA;4;5;U;958.0;330;628.0;6;622;18
233;TULEBRAS;1;1;U;96.0;16;80.0;0;80;2
234;UCAR;1;1;U;107.0;37;70.0;0;70;0
235;UJUE;1;1;U;231.0;83;148.0;1;147;4
236;ULTZAMA;1;1;A;690.0;249;441.0;4;437;15
236;ULTZAMA;1;1;B;642.0;226;416.0;0;416;22
237;UNCITI;1;1;U;205.0;62;143.0;0;143;3
238;UNZUE;1;1;U;125.0;28;97.0;0;97;2
239;URDAZUBI / URDAX;1;1;U;343.0;167;176.0;1;175;5
240;URDIAIN;1;1;U;578.0;255;323.0;2;321;1
241;URRAUL ALTO;1;1;U;152.0;54;98.0;2;96;3
242;URRAUL BAJO;1;1;U;259.0;102;157.0;0;157;7
243;URROZ;1;1;U;295.0;112;183.0;0;183;8
244;URROTZ;1;1;U;173.0;65;108.0;0;108;3
245;URZAINQUI;1;1;U;102.0;22;80.0;0;80;6
246;UTERGA;1;1;U;128.0;44;84.0;0;84;2
247;UZTARROZ / UZTARROZE;1;1;U;263.0;84;179.0;0;179;7
248;LUZAIDE / VALCARLOS;1;1;U;400.0;65;335.0;3;332;13
249;VALTIERRA;1;1;A;615.0;132;483.0;6;477;1
249;VALTIERRA;1;1;B;540.0;98;442.0;7;435;6
249;VALTIERRA;2;1;B;453.0;102;351.0;0;351;10
249;VALTIERRA;2;1;A;467.0;91;376.0;1;375;7
250;BERA / VERA DE BIDASOA;1;1;A;467.0;131;336.0;0;336;5
250;BERA / VERA DE BIDASOA;1;1;B;610.0;170;440.0;2;438;9
250;BERA / VERA DE BIDASOA;1;1;C;560.0;176;384.0;5;379;4
250;BERA / VERA DE BIDASOA;1;2;U;626.0;186;440.0;3;437;9
250;BERA / VERA DE BIDASOA;2;1;U;658.0;204;454.0;5;449;14
251;VIANA;1;1;A;709.0;162;547.0;4;543;12
251;VIANA;1;1;B;631.0;163;468.0;11;457;14
251;VIANA;1;2;U;945.0;222;723.0;6;717;16
251;VIANA;2;1;U;646.0;189;457.0;6;451;8
252;VIDANGOZ;1;1;U;102.0;38;64.0;0;64;0
253;BIDAURRETA;1;1;U;99.0;37;62.0;0;62;1
254;VILLAFRANCA;1;1;A;635.0;118;517.0;3;514;10
254;VILLAFRANCA;1;1;B;606.0;126;480.0;6;474;8
254;VILLAFRANCA;2;1;A;395.0;84;311.0;5;306;4
254;VILLAFRANCA;2;1;B;504.0;116;388.0;3;385;2
255;VILLAMAYOR DE MONJARDIN;1;1;U;100.0;22;78.0;0;78;8
256;HIRIBERRI/VILLANUEVA DE AEZKOA;1;1;U;145.0;92;53.0;1;52;0
257;VILLATUERTA;1;1;U;662.0;219;443.0;8;435;22
258;VILLAVA / ATARRABIA;1;1;A;584.0;210;374.0;2;372;11
258;VILLAVA / ATARRABIA;1;1;B;600.0;261;339.0;1;338;3
258;VILLAVA / ATARRABIA;2;1;A;679.0;225;454.0;2;452;8
258;VILLAVA / ATARRABIA;2;1;B;611.0;200;411.0;5;406;7
258;VILLAVA / ATARRABIA;2;2;A;897.0;309;588.0;3;585;9
258;VILLAVA / ATARRABIA;2;2;B;998.0;376;622.0;9;613;15
258;VILLAVA / ATARRABIA;2;3;A;702.0;234;468.0;2;466;17
258;VILLAVA / ATARRABIA;2;3;B;659.0;207;452.0;3;449;6
258;VILLAVA / ATARRABIA;2;4;A;705.0;224;481.0;3;478;9
258;VILLAVA / ATARRABIA;2;4;B;638.0;202;436.0;1;435;9
259;IGANTZI;1;1;U;508.0;85;423.0;3;420;11
260;YERRI;1;1;A;539.0;188;351.0;5;346;10
260;YERRI;1;1;B;376.0;155;221.0;0;221;2
260;YERRI;1;1;C;390.0;148;242.0;1;241;6
261;YESA;1;1;U;275.0;41;234.0;3;231;5
262;ZABALZA;1;1;U;136.0;36;100.0;0;100;3
263;ZUBIETA;1;1;U;288.0;114;174.0;7;167;11
264;ZUGARRAMURDI ;1;1;U;214.0;38;176.0;1;175;5
265;ZU헬GA;1;1;U;114.0;22;92.0;0;92;3
899;C.E.R.A.;1;1;U;10.485;9107;1.378;3;1375;10
901;BARA헤IN;1;1;A;664.0;288;376.0;4;372;6
901;BARA헤IN;1;1;B;669.0;281;388.0;1;387;14
901;BARA헤IN;1;2;A;688.0;285;403.0;1;402;4
901;BARA헤IN;1;2;B;594.0;244;350.0;1;349;15
901;BARA헤IN;1;3;A;737.0;312;425.0;2;423;14
901;BARA헤IN;1;3;B;828.0;335;493.0;0;493;17
901;BARA헤IN;1;4;A;894.0;350;544.0;3;541;20
901;BARA헤IN;1;4;B;868.0;341;527.0;0;527;17
901;BARA헤IN;1;5;A;847.0;358;489.0;4;485;10
901;BARA헤IN;1;5;B;826.0;351;475.0;5;470;6
901;BARA헤IN;1;6;A;766.0;353;413.0;1;412;8
901;BARA헤IN;1;6;B;759.0;314;445.0;2;443;9
901;BARA헤IN;1;7;A;860.0;329;531.0;1;530;13
901;BARA헤IN;1;7;B;748.0;284;464.0;3;461;15
901;BARA헤IN;1;8;A;752.0;324;428.0;2;426;16
901;BARA헤IN;1;8;B;697.0;295;402.0;2;400;12
901;BARA헤IN;1;9;U;823.0;371;452.0;2;450;7
901;BARA헤IN;1;10;A;887.0;345;542.0;3;539;18
901;BARA헤IN;1;10;B;856.0;364;492.0;0;492;15
901;BARA헤IN;1;11;A;462.0;211;251.0;1;250;6
901;BARA헤IN;1;11;B;448.0;172;276.0;2;274;6
902;BERRIOPLANO;1;1;A;455.0;121;334.0;1;333;13
902;BERRIOPLANO;1;1;B;487.0;133;354.0;1;353;10
903;BERRIOZAR;1;1;U;506.0;198;308.0;1;307;8
903;BERRIOZAR;1;2;A;670.0;263;407.0;2;405;11
903;BERRIOZAR;1;2;B;512.0;208;304.0;1;303;6
903;BERRIOZAR;1;3;A;535.0;213;322.0;1;321;3
903;BERRIOZAR;1;3;B;615.0;252;363.0;4;359;10
903;BERRIOZAR;1;4;A;840.0;358;482.0;2;480;7
903;BERRIOZAR;1;4;B;755.0;283;472.0;4;468;9
904;IRURTZUN;1;1;A;803.0;262;541.0;8;533;19
904;IRURTZUN;1;1;B;810.0;256;554.0;8;546;16
905;BERIAIN;1;1;A;656.0;216;440.0;6;434;5
905;BERIAIN;1;1;B;643.0;214;429.0;2;427;6
905;BERIAIN;1;2;U;740.0;280;460.0;0;460;15
906;ORCOYEN;1;1;A;568.0;156;412.0;7;405;13
906;ORCOYEN;1;1;B;477.0;139;338.0;7;331;13
907;ZIZUR MAYOR / ZIZUR NAGUSIA;1;1;U;873.0;273;600.0;7;593;9
907;ZIZUR MAYOR / ZIZUR NAGUSIA;1;2;A;477.0;173;304.0;0;304;9
907;ZIZUR MAYOR / ZIZUR NAGUSIA;1;2;B;534.0;197;337.0;5;332;10
907;ZIZUR MAYOR / ZIZUR NAGUSIA;1;3;A;539.0;208;331.0;3;328;8
907;ZIZUR MAYOR / ZIZUR NAGUSIA;1;3;B;607.0;231;376.0;5;371;5
907;ZIZUR MAYOR / ZIZUR NAGUSIA;1;3;C;502.0;206;296.0;0;296;11
907;ZIZUR MAYOR / ZIZUR NAGUSIA;1;4;A;606.0;253;353.0;2;351;3
907;ZIZUR MAYOR / ZIZUR NAGUSIA;1;4;B;642.0;240;402.0;1;401;12
907;ZIZUR MAYOR / ZIZUR NAGUSIA;1;4;C;537.0;200;337.0;1;336;15
907;ZIZUR MAYOR / ZIZUR NAGUSIA;1;5;A;1.018;389;629.0;2;627;29
907;ZIZUR MAYOR / ZIZUR NAGUSIA;1;5;B;1.01;381;629.0;3;626;14
908;LEKUNBERRI;1;1;U;666.0;183;483.0;1;482;7
